,min_proba,Accuracy,F1,Sample_Fraction
0,No,0.8519553072625698,0.8512808965845018,1.0
1,0.4,0.8731218697829716,0.872500108763412,0.9561053471667997
2,0.45,0.8807300509337861,0.88020844832868,0.9401436552274541
3,0.5,0.8902862098872506,0.8898846893264132,0.9201915403032721
4,0.55,0.9019170753455193,0.9016073660235441,0.8950518754988028
5,0.6,0.9125457875457875,0.9122666454716923,0.8715083798882681
6,0.65,0.9267831837505904,0.9265748696555176,0.8447725458898643
7,0.7,0.93701171875,0.9368621295321365,0.8172386272944933
