,min_proba,Accuracy,Sample_Fraction
0,No,0.849561053471668,1.0
1,0.4,0.8945518453427065,0.9082202713487629
2,0.45,0.9039675383228133,0.8850758180367119
3,0.5,0.9103097549699491,0.8631284916201117
4,0.55,0.9235209235209235,0.8296089385474861
5,0.6,0.9315342328835582,0.7984836392657622
6,0.65,0.9393939393939394,0.7637669592976856
7,0.7,0.9443219404630651,0.7238627294493216
